REGION,WEEK,ILITOTAL
Alabama,1/27/2018,5136
Alaska,1/27/2018,233
Arizona,1/27/2018,923
Arkansas,1/27/2018,434
California,1/27/2018,2038
Colorado,1/27/2018,793
Connecticut,1/27/2018,331
Delaware,1/27/2018,72
Georgia,1/27/2018,7656
Hawaii,1/27/2018,99
Idaho,1/27/2018,45
Illinois,1/27/2018,2560
Indiana,1/27/2018,448
Iowa,1/27/2018,172
Kansas,1/27/2018,852
Kentucky,1/27/2018,1245
Louisiana,1/27/2018,4626
Maine,1/27/2018,62
Maryland,1/27/2018,429
Massachusetts,1/27/2018,1480
Michigan,1/27/2018,1515
Minnesota,1/27/2018,458
Mississippi,1/27/2018,2128
Missouri,1/27/2018,485
Montana,1/27/2018,15
Nebraska,1/27/2018,633
Nevada,1/27/2018,551
New Hampshire,1/27/2018,108
New Jersey,1/27/2018,2480
New Mexico,1/27/2018,1250
New York,1/27/2018,1355
North Carolina,1/27/2018,1616
North Dakota,1/27/2018,54
Ohio,1/27/2018,882
Oklahoma,1/27/2018,1119
Oregon,1/27/2018,1801
Pennsylvania,1/27/2018,3116
Rhode Island,1/27/2018,290
South Carolina,1/27/2018,907
South Dakota,1/27/2018,545
Tennessee,1/27/2018,631
Texas,1/27/2018,5203
Utah,1/27/2018,234
Vermont,1/27/2018,115
Virginia,1/27/2018,8507
Washington,1/27/2018,345
West Virginia,1/27/2018,795
Wisconsin,1/27/2018,309
Wyoming,1/27/2018,290
Alabama,2/3/2018,5278
Alaska,2/3/2018,303
Arizona,2/3/2018,756
Arkansas,2/3/2018,636
California,2/3/2018,2369
Colorado,2/3/2018,977
Connecticut,2/3/2018,403
Delaware,2/3/2018,105
Georgia,2/3/2018,8032
Hawaii,2/3/2018,74
Idaho,2/3/2018,58
Illinois,2/3/2018,2720
Indiana,2/3/2018,423
Iowa,2/3/2018,172
Kansas,2/3/2018,924
Kentucky,2/3/2018,1277
Louisiana,2/3/2018,4744
Maine,2/3/2018,63
Maryland,2/3/2018,455
Massachusetts,2/3/2018,1992
Michigan,2/3/2018,1620
Minnesota,2/3/2018,499
Mississippi,2/3/2018,2033
Missouri,2/3/2018,842
Montana,2/3/2018,28
Nebraska,2/3/2018,709
Nevada,2/3/2018,574
New Hampshire,2/3/2018,161
New Jersey,2/3/2018,2981
New Mexico,2/3/2018,2219
New York,2/3/2018,1674
North Carolina,2/3/2018,1804
North Dakota,2/3/2018,54
Ohio,2/3/2018,1009
Oklahoma,2/3/2018,1021
Oregon,2/3/2018,1766
Pennsylvania,2/3/2018,3680
Rhode Island,2/3/2018,374
South Carolina,2/3/2018,1025
South Dakota,2/3/2018,649
Tennessee,2/3/2018,696
Texas,2/3/2018,4996
Utah,2/3/2018,271
Vermont,2/3/2018,110
Virginia,2/3/2018,10776
Washington,2/3/2018,247
West Virginia,2/3/2018,591
Wisconsin,2/3/2018,337
Wyoming,2/3/2018,329
Alabama,2/10/2018,5100
Alaska,2/10/2018,329
Arizona,2/10/2018,996
Arkansas,2/10/2018,553
California,2/10/2018,2116
Colorado,2/10/2018,863
Connecticut,2/10/2018,463
Delaware,2/10/2018,187
Georgia,2/10/2018,8949
Hawaii,2/10/2018,67
Idaho,2/10/2018,42
Illinois,2/10/2018,2552
Indiana,2/10/2018,442
Iowa,2/10/2018,150
Kansas,2/10/2018,923
Kentucky,2/10/2018,1276
Louisiana,2/10/2018,4356
Maine,2/10/2018,72
Maryland,2/10/2018,450
Massachusetts,2/10/2018,2069
Michigan,2/10/2018,1386
Minnesota,2/10/2018,474
Mississippi,2/10/2018,1873
Missouri,2/10/2018,645
Montana,2/10/2018,17
Nebraska,2/10/2018,854
Nevada,2/10/2018,567
New Hampshire,2/10/2018,225
New Jersey,2/10/2018,3301
New Mexico,2/10/2018,1995
New York,2/10/2018,1678
North Carolina,2/10/2018,1999
North Dakota,2/10/2018,65
Ohio,2/10/2018,1098
Oklahoma,2/10/2018,760
Oregon,2/10/2018,1406
Pennsylvania,2/10/2018,4221
Rhode Island,2/10/2018,507
South Carolina,2/10/2018,1031
South Dakota,2/10/2018,549
Tennessee,2/10/2018,586
Texas,2/10/2018,4450
Utah,2/10/2018,633
Vermont,2/10/2018,161
Virginia,2/10/2018,11452
Washington,2/10/2018,210
West Virginia,2/10/2018,798
Wisconsin,2/10/2018,306
Wyoming,2/10/2018,329
Alabama,2/17/2018,2921
Alaska,2/17/2018,385
Arizona,2/17/2018,948
Arkansas,2/17/2018,418
California,2/17/2018,1879
Colorado,2/17/2018,740
Connecticut,2/17/2018,385
Delaware,2/17/2018,143
Georgia,2/17/2018,6528
Hawaii,2/17/2018,70
Idaho,2/17/2018,37
Illinois,2/17/2018,2414
Indiana,2/17/2018,356
Iowa,2/17/2018,95
Kansas,2/17/2018,903
Kentucky,2/17/2018,1172
Louisiana,2/17/2018,3652
Maine,2/17/2018,77
Maryland,2/17/2018,382
Massachusetts,2/17/2018,1986
Michigan,2/17/2018,1027
Minnesota,2/17/2018,443
Mississippi,2/17/2018,1495
Missouri,2/17/2018,675
Montana,2/17/2018,17
Nebraska,2/17/2018,752
Nevada,2/17/2018,496
New Hampshire,2/17/2018,215
New Jersey,2/17/2018,3391
New Mexico,2/17/2018,1423
New York,2/17/2018,1588
North Carolina,2/17/2018,1445
North Dakota,2/17/2018,43
Ohio,2/17/2018,816
Oklahoma,2/17/2018,569
Oregon,2/17/2018,1213
Pennsylvania,2/17/2018,4352
Rhode Island,2/17/2018,459
South Carolina,2/17/2018,725
South Dakota,2/17/2018,548
Tennessee,2/17/2018,530
Texas,2/17/2018,3598
Utah,2/17/2018,1379
Vermont,2/17/2018,138
Virginia,2/17/2018,11195
Washington,2/17/2018,181
West Virginia,2/17/2018,734
Wisconsin,2/17/2018,295
Wyoming,2/17/2018,303
Alabama,2/24/2018,2172
Alaska,2/24/2018,344
Arizona,2/24/2018,885
Arkansas,2/24/2018,332
California,2/24/2018,1619
Colorado,2/24/2018,672
Connecticut,2/24/2018,297
Delaware,2/24/2018,80
Georgia,2/24/2018,3190
Hawaii,2/24/2018,43
Idaho,2/24/2018,37
Illinois,2/24/2018,1879
Indiana,2/24/2018,158
Iowa,2/24/2018,91
Kansas,2/24/2018,628
Kentucky,2/24/2018,819
Louisiana,2/24/2018,2335
Maine,2/24/2018,69
Maryland,2/24/2018,369
Massachusetts,2/24/2018,1532
Michigan,2/24/2018,880
Minnesota,2/24/2018,352
Mississippi,2/24/2018,1093
Missouri,2/24/2018,369
Montana,2/24/2018,19
Nebraska,2/24/2018,633
Nevada,2/24/2018,397
New Hampshire,2/24/2018,114
New Jersey,2/24/2018,2231
New Mexico,2/24/2018,987
New York,2/24/2018,875
North Carolina,2/24/2018,832
North Dakota,2/24/2018,50
Ohio,2/24/2018,652
Oklahoma,2/24/2018,445
Oregon,2/24/2018,1101
Pennsylvania,2/24/2018,3145
Rhode Island,2/24/2018,261
South Carolina,2/24/2018,435
South Dakota,2/24/2018,426
Tennessee,2/24/2018,253
Texas,2/24/2018,2638
Utah,2/24/2018,1082
Vermont,2/24/2018,113
Virginia,2/24/2018,7516
Washington,2/24/2018,176
West Virginia,2/24/2018,292
Wisconsin,2/24/2018,271
Wyoming,2/24/2018,249
Alabama,3/3/2018,1212
Alaska,3/3/2018,399
Arizona,3/3/2018,778
Arkansas,3/3/2018,193
California,3/3/2018,1870
Colorado,3/3/2018,554
Connecticut,3/3/2018,238
Delaware,3/3/2018,55
Georgia,3/3/2018,1961
Hawaii,3/3/2018,52
Idaho,3/3/2018,25
Illinois,3/3/2018,1279
Indiana,3/3/2018,180
Iowa,3/3/2018,54
Kansas,3/3/2018,477
Kentucky,3/3/2018,527
Louisiana,3/3/2018,1800
Maine,3/3/2018,48
Maryland,3/3/2018,259
Massachusetts,3/3/2018,1040
Michigan,3/3/2018,781
Minnesota,3/3/2018,295
Mississippi,3/3/2018,679
Missouri,3/3/2018,239
Montana,3/3/2018,35
Nebraska,3/3/2018,497
Nevada,3/3/2018,316
New Hampshire,3/3/2018,110
New Jersey,3/3/2018,1335
New Mexico,3/3/2018,849
New York,3/3/2018,576
North Carolina,3/3/2018,462
North Dakota,3/3/2018,36
Ohio,3/3/2018,368
Oklahoma,3/3/2018,292
Oregon,3/3/2018,1005
Pennsylvania,3/3/2018,2149
Rhode Island,3/3/2018,143
South Carolina,3/3/2018,240
South Dakota,3/3/2018,437
Tennessee,3/3/2018,160
Texas,3/3/2018,1833
Utah,3/3/2018,730
Vermont,3/3/2018,110
Virginia,3/3/2018,4506
Washington,3/3/2018,123
West Virginia,3/3/2018,273
Wisconsin,3/3/2018,215
Wyoming,3/3/2018,194
Alabama,3/10/2018,1034
Alaska,3/10/2018,436
Arizona,3/10/2018,535
Arkansas,3/10/2018,135
California,3/10/2018,1813
Colorado,3/10/2018,455
Connecticut,3/10/2018,169
Delaware,3/10/2018,25
Georgia,3/10/2018,1783
Hawaii,3/10/2018,77
Idaho,3/10/2018,7
Illinois,3/10/2018,1081
Indiana,3/10/2018,132
Iowa,3/10/2018,64
Kansas,3/10/2018,375
Kentucky,3/10/2018,399
Louisiana,3/10/2018,1547
Maine,3/10/2018,23
Maryland,3/10/2018,189
Massachusetts,3/10/2018,765
Michigan,3/10/2018,595
Minnesota,3/10/2018,264
Mississippi,3/10/2018,574
Missouri,3/10/2018,122
Montana,3/10/2018,19
Nebraska,3/10/2018,530
Nevada,3/10/2018,260
New Hampshire,3/10/2018,51
New Jersey,3/10/2018,1087
New Mexico,3/10/2018,587
New York,3/10/2018,402
North Carolina,3/10/2018,360
North Dakota,3/10/2018,16
Ohio,3/10/2018,347
Oklahoma,3/10/2018,228
Oregon,3/10/2018,804
Pennsylvania,3/10/2018,1420
Rhode Island,3/10/2018,115
South Carolina,3/10/2018,192
South Dakota,3/10/2018,334
Tennessee,3/10/2018,85
Texas,3/10/2018,1286
Utah,3/10/2018,613
Vermont,3/10/2018,89
Virginia,3/10/2018,3498
Washington,3/10/2018,93
West Virginia,3/10/2018,176
Wisconsin,3/10/2018,233
Wyoming,3/10/2018,200
Alabama,3/17/2018,945
Alaska,3/17/2018,365
Arizona,3/17/2018,550
Arkansas,3/17/2018,95
California,3/17/2018,1658
Colorado,3/17/2018,360
Connecticut,3/17/2018,87
Delaware,3/17/2018,39
Georgia,3/17/2018,1655
Hawaii,3/17/2018,55
Idaho,3/17/2018,15
Illinois,3/17/2018,1051
Indiana,3/17/2018,76
Iowa,3/17/2018,61
Kansas,3/17/2018,243
Kentucky,3/17/2018,262
Louisiana,3/17/2018,1430
Maine,3/17/2018,41
Maryland,3/17/2018,171
Massachusetts,3/17/2018,669
Michigan,3/17/2018,442
Minnesota,3/17/2018,210
Mississippi,3/17/2018,486
Missouri,3/17/2018,38
Montana,3/17/2018,14
Nebraska,3/17/2018,428
Nevada,3/17/2018,269
New Hampshire,3/17/2018,22
New Jersey,3/17/2018,933
New Mexico,3/17/2018,551
New York,3/17/2018,345
North Carolina,3/17/2018,369
North Dakota,3/17/2018,10
Ohio,3/17/2018,301
Oklahoma,3/17/2018,170
Oregon,3/17/2018,946
Pennsylvania,3/17/2018,1319
Rhode Island,3/17/2018,109
South Carolina,3/17/2018,166
South Dakota,3/17/2018,360
Tennessee,3/17/2018,71
Texas,3/17/2018,817
Utah,3/17/2018,445
Vermont,3/17/2018,53
Virginia,3/17/2018,3419
Washington,3/17/2018,114
West Virginia,3/17/2018,146
Wisconsin,3/17/2018,158
Wyoming,3/17/2018,183
Alabama,3/24/2018,837
Alaska,3/24/2018,342
Arizona,3/24/2018,640
Arkansas,3/24/2018,41
California,3/24/2018,1457
Colorado,3/24/2018,313
Connecticut,3/24/2018,172
Delaware,3/24/2018,30
Georgia,3/24/2018,1381
Hawaii,3/24/2018,42
Idaho,3/24/2018,19
Illinois,3/24/2018,958
Indiana,3/24/2018,154
Iowa,3/24/2018,34
Kansas,3/24/2018,178
Kentucky,3/24/2018,260
Louisiana,3/24/2018,1312
Maine,3/24/2018,33
Maryland,3/24/2018,131
Massachusetts,3/24/2018,589
Michigan,3/24/2018,547
Minnesota,3/24/2018,177
Mississippi,3/24/2018,442
Missouri,3/24/2018,94
Montana,3/24/2018,14
Nebraska,3/24/2018,314
Nevada,3/24/2018,183
New Hampshire,3/24/2018,26
New Jersey,3/24/2018,803
New Mexico,3/24/2018,432
New York,3/24/2018,249
North Carolina,3/24/2018,339
North Dakota,3/24/2018,5
Ohio,3/24/2018,278
Oklahoma,3/24/2018,157
Oregon,3/24/2018,878
Pennsylvania,3/24/2018,1289
Rhode Island,3/24/2018,110
South Carolina,3/24/2018,164
South Dakota,3/24/2018,312
Tennessee,3/24/2018,57
Texas,3/24/2018,853
Utah,3/24/2018,290
Vermont,3/24/2018,77
Virginia,3/24/2018,3205
Washington,3/24/2018,113
West Virginia,3/24/2018,137
Wisconsin,3/24/2018,133
Wyoming,3/24/2018,154
Alabama,3/31/2018,738
Alaska,3/31/2018,322
Arizona,3/31/2018,575
Arkansas,3/31/2018,52
California,3/31/2018,1167
Colorado,3/31/2018,225
Connecticut,3/31/2018,215
Delaware,3/31/2018,23
Georgia,3/31/2018,1342
Hawaii,3/31/2018,20
Idaho,3/31/2018,10
Illinois,3/31/2018,811
Indiana,3/31/2018,118
Iowa,3/31/2018,42
Kansas,3/31/2018,174
Kentucky,3/31/2018,241
Louisiana,3/31/2018,1198
Maine,3/31/2018,28
Maryland,3/31/2018,127
Massachusetts,3/31/2018,636
Michigan,3/31/2018,465
Minnesota,3/31/2018,160
Mississippi,3/31/2018,376
Missouri,3/31/2018,39
Montana,3/31/2018,10
Nebraska,3/31/2018,296
Nevada,3/31/2018,171
New Hampshire,3/31/2018,19
New Jersey,3/31/2018,761
New Mexico,3/31/2018,312
New York,3/31/2018,275
North Carolina,3/31/2018,363
North Dakota,3/31/2018,8
Ohio,3/31/2018,249
Oklahoma,3/31/2018,112
Oregon,3/31/2018,727
Pennsylvania,3/31/2018,1174
Rhode Island,3/31/2018,74
South Carolina,3/31/2018,137
South Dakota,3/31/2018,264
Tennessee,3/31/2018,49
Texas,3/31/2018,762
Utah,3/31/2018,95
Vermont,3/31/2018,83
Virginia,3/31/2018,2281
Washington,3/31/2018,86
West Virginia,3/31/2018,187
Wisconsin,3/31/2018,104
Wyoming,3/31/2018,106
Alabama,4/7/2018,693
Alaska,4/7/2018,328
Arizona,4/7/2018,565
Arkansas,4/7/2018,24
California,4/7/2018,1082
Colorado,4/7/2018,222
Connecticut,4/7/2018,139
Delaware,4/7/2018,4
Georgia,4/7/2018,1211
Hawaii,4/7/2018,48
Idaho,4/7/2018,19
Illinois,4/7/2018,781
Indiana,4/7/2018,101
Iowa,4/7/2018,27
Kansas,4/7/2018,131
Kentucky,4/7/2018,187
Louisiana,4/7/2018,1118
Maine,4/7/2018,27
Maryland,4/7/2018,107
Massachusetts,4/7/2018,678
Michigan,4/7/2018,430
Minnesota,4/7/2018,105
Mississippi,4/7/2018,352
Missouri,4/7/2018,45
Montana,4/7/2018,17
Nebraska,4/7/2018,264
Nevada,4/7/2018,127
New Hampshire,4/7/2018,35
New Jersey,4/7/2018,704
New Mexico,4/7/2018,294
New York,4/7/2018,212
North Carolina,4/7/2018,297
North Dakota,4/7/2018,18
Ohio,4/7/2018,193
Oklahoma,4/7/2018,98
Oregon,4/7/2018,531
Pennsylvania,4/7/2018,1186
Rhode Island,4/7/2018,77
South Carolina,4/7/2018,112
South Dakota,4/7/2018,108
Tennessee,4/7/2018,44
Texas,4/7/2018,530
Utah,4/7/2018,477
Vermont,4/7/2018,53
Virginia,4/7/2018,2393
Washington,4/7/2018,79
West Virginia,4/7/2018,203
Wisconsin,4/7/2018,112
Wyoming,4/7/2018,58
Alabama,4/14/2018,634
Alaska,4/14/2018,234
Arizona,4/14/2018,566
Arkansas,4/14/2018,38
California,4/14/2018,903
Colorado,4/14/2018,150
Connecticut,4/14/2018,124
Delaware,4/14/2018,7
Georgia,4/14/2018,1147
Hawaii,4/14/2018,34
Idaho,4/14/2018,4
Illinois,4/14/2018,695
Indiana,4/14/2018,110
Iowa,4/14/2018,12
Kansas,4/14/2018,112
Kentucky,4/14/2018,128
Louisiana,4/14/2018,1116
Maine,4/14/2018,27
Maryland,4/14/2018,96
Massachusetts,4/14/2018,685
Michigan,4/14/2018,376
Minnesota,4/14/2018,131
Mississippi,4/14/2018,407
Missouri,4/14/2018,37
Montana,4/14/2018,21
Nebraska,4/14/2018,171
Nevada,4/14/2018,138
New Hampshire,4/14/2018,15
New Jersey,4/14/2018,626
New Mexico,4/14/2018,234
New York,4/14/2018,240
North Carolina,4/14/2018,199
North Dakota,4/14/2018,5
Ohio,4/14/2018,171
Oklahoma,4/14/2018,48
Oregon,4/14/2018,476
Pennsylvania,4/14/2018,894
Rhode Island,4/14/2018,102
South Carolina,4/14/2018,94
South Dakota,4/14/2018,256
Tennessee,4/14/2018,42
Texas,4/14/2018,437
Utah,4/14/2018,77
Vermont,4/14/2018,52
Virginia,4/14/2018,1898
Washington,4/14/2018,50
West Virginia,4/14/2018,216
Wisconsin,4/14/2018,134
Wyoming,4/14/2018,42
Alabama,4/21/2018,604
Alaska,4/21/2018,231
Arizona,4/21/2018,483
Arkansas,4/21/2018,37
California,4/21/2018,888
Colorado,4/21/2018,146
Connecticut,4/21/2018,108
Delaware,4/21/2018,9
Georgia,4/21/2018,979
Hawaii,4/21/2018,25
Idaho,4/21/2018,4
Illinois,4/21/2018,506
Indiana,4/21/2018,75
Iowa,4/21/2018,8
Kansas,4/21/2018,72
Kentucky,4/21/2018,104
Louisiana,4/21/2018,1126
Maine,4/21/2018,27
Maryland,4/21/2018,98
Massachusetts,4/21/2018,500
Michigan,4/21/2018,323
Minnesota,4/21/2018,138
Mississippi,4/21/2018,377
Missouri,4/21/2018,19
Montana,4/21/2018,7
Nebraska,4/21/2018,137
Nevada,4/21/2018,104
New Hampshire,4/21/2018,19
New Jersey,4/21/2018,541
New Mexico,4/21/2018,222
New York,4/21/2018,237
North Carolina,4/21/2018,183
North Dakota,4/21/2018,9
Ohio,4/21/2018,131
Oklahoma,4/21/2018,38
Oregon,4/21/2018,414
Pennsylvania,4/21/2018,732
Rhode Island,4/21/2018,77
South Carolina,4/21/2018,63
South Dakota,4/21/2018,66
Tennessee,4/21/2018,51
Texas,4/21/2018,696
Utah,4/21/2018,266
Vermont,4/21/2018,51
Virginia,4/21/2018,1581
Washington,4/21/2018,47
West Virginia,4/21/2018,136
Wisconsin,4/21/2018,132
Wyoming,4/21/2018,44
Alabama,4/28/2018,532
Alaska,4/28/2018,164
Arizona,4/28/2018,450
Arkansas,4/28/2018,45
California,4/28/2018,934
Colorado,4/28/2018,176
Connecticut,4/28/2018,123
Delaware,4/28/2018,3
Georgia,4/28/2018,850
Hawaii,4/28/2018,37
Idaho,4/28/2018,5
Illinois,4/28/2018,578
Indiana,4/28/2018,63
Iowa,4/28/2018,11
Kansas,4/28/2018,59
Kentucky,4/28/2018,87
Louisiana,4/28/2018,1173
Maine,4/28/2018,11
Maryland,4/28/2018,77
Massachusetts,4/28/2018,459
Michigan,4/28/2018,245
Minnesota,4/28/2018,100
Mississippi,4/28/2018,405
Missouri,4/28/2018,24
Montana,4/28/2018,0
Nebraska,4/28/2018,162
Nevada,4/28/2018,133
New Hampshire,4/28/2018,19
New Jersey,4/28/2018,582
New Mexico,4/28/2018,228
New York,4/28/2018,177
North Carolina,4/28/2018,184
North Dakota,4/28/2018,10
Ohio,4/28/2018,134
Oklahoma,4/28/2018,32
Oregon,4/28/2018,363
Pennsylvania,4/28/2018,715
Rhode Island,4/28/2018,29
South Carolina,4/28/2018,53
South Dakota,4/28/2018,84
Tennessee,4/28/2018,30
Texas,4/28/2018,624
Utah,4/28/2018,377
Vermont,4/28/2018,57
Virginia,4/28/2018,1547
Washington,4/28/2018,21
West Virginia,4/28/2018,84
Wisconsin,4/28/2018,126
Wyoming,4/28/2018,34
Alabama,5/5/2018,509
Alaska,5/5/2018,135
Arizona,5/5/2018,434
Arkansas,5/5/2018,34
California,5/5/2018,876
Colorado,5/5/2018,136
Connecticut,5/5/2018,86
Delaware,5/5/2018,7
Georgia,5/5/2018,942
Hawaii,5/5/2018,23
Idaho,5/5/2018,10
Illinois,5/5/2018,445
Indiana,5/5/2018,65
Iowa,5/5/2018,7
Kansas,5/5/2018,39
Kentucky,5/5/2018,46
Louisiana,5/5/2018,1031
Maine,5/5/2018,17
Maryland,5/5/2018,87
Massachusetts,5/5/2018,418
Michigan,5/5/2018,127
Minnesota,5/5/2018,111
Mississippi,5/5/2018,336
Missouri,5/5/2018,4
Montana,5/5/2018,0
Nebraska,5/5/2018,111
Nevada,5/5/2018,71
New Hampshire,5/5/2018,16
New Jersey,5/5/2018,479
New Mexico,5/5/2018,203
New York,5/5/2018,232
North Carolina,5/5/2018,157
North Dakota,5/5/2018,1
Ohio,5/5/2018,99
Oklahoma,5/5/2018,36
Oregon,5/5/2018,336
Pennsylvania,5/5/2018,598
Rhode Island,5/5/2018,47
South Carolina,5/5/2018,53
South Dakota,5/5/2018,64
Tennessee,5/5/2018,33
Texas,5/5/2018,570
Utah,5/5/2018,406
Vermont,5/5/2018,34
Virginia,5/5/2018,1377
Washington,5/5/2018,23
West Virginia,5/5/2018,110
Wisconsin,5/5/2018,116
Wyoming,5/5/2018,17
Alabama,5/12/2018,448
Alaska,5/12/2018,137
Arizona,5/12/2018,386
Arkansas,5/12/2018,46
California,5/12/2018,828
Colorado,5/12/2018,109
Connecticut,5/12/2018,35
Delaware,5/12/2018,3
Georgia,5/12/2018,897
Hawaii,5/12/2018,26
Idaho,5/12/2018,2
Illinois,5/12/2018,423
Indiana,5/12/2018,38
Iowa,5/12/2018,5
Kansas,5/12/2018,35
Kentucky,5/12/2018,55
Louisiana,5/12/2018,1106
Maine,5/12/2018,8
Maryland,5/12/2018,57
Massachusetts,5/12/2018,366
Michigan,5/12/2018,174
Minnesota,5/12/2018,96
Mississippi,5/12/2018,279
Missouri,5/12/2018,9
Montana,5/12/2018,2
Nebraska,5/12/2018,101
Nevada,5/12/2018,115
New Hampshire,5/12/2018,13
New Jersey,5/12/2018,498
New Mexico,5/12/2018,234
New York,5/12/2018,165
North Carolina,5/12/2018,96
North Dakota,5/12/2018,1
Ohio,5/12/2018,70
Oklahoma,5/12/2018,24
Oregon,5/12/2018,311
Pennsylvania,5/12/2018,495
Rhode Island,5/12/2018,25
South Carolina,5/12/2018,35
South Dakota,5/12/2018,42
Tennessee,5/12/2018,25
Texas,5/12/2018,509
Utah,5/12/2018,360
Vermont,5/12/2018,29
Virginia,5/12/2018,577
Washington,5/12/2018,25
West Virginia,5/12/2018,52
Wisconsin,5/12/2018,81
Wyoming,5/12/2018,16
Alabama,5/19/2018,417
Alaska,5/19/2018,113
Arizona,5/19/2018,357
Arkansas,5/19/2018,27
California,5/19/2018,708
Colorado,5/19/2018,97
Connecticut,5/19/2018,25
Delaware,5/19/2018,1
Georgia,5/19/2018,902
Hawaii,5/19/2018,14
Idaho,5/19/2018,3
Illinois,5/19/2018,387
Indiana,5/19/2018,29
Iowa,5/19/2018,6
Kansas,5/19/2018,44
Kentucky,5/19/2018,40
Louisiana,5/19/2018,1034
Maine,5/19/2018,5
Maryland,5/19/2018,72
Massachusetts,5/19/2018,339
Michigan,5/19/2018,152
Minnesota,5/19/2018,73
Mississippi,5/19/2018,310
Missouri,5/19/2018,7
Montana,5/19/2018,0
Nebraska,5/19/2018,98
Nevada,5/19/2018,77
New Hampshire,5/19/2018,11
New Jersey,5/19/2018,440
New Mexico,5/19/2018,208
New York,5/19/2018,131
North Carolina,5/19/2018,63
North Dakota,5/19/2018,2
Ohio,5/19/2018,69
Oklahoma,5/19/2018,16
Oregon,5/19/2018,272
Pennsylvania,5/19/2018,407
Rhode Island,5/19/2018,13
South Carolina,5/19/2018,42
South Dakota,5/19/2018,53
Tennessee,5/19/2018,22
Texas,5/19/2018,391
Utah,5/19/2018,374
Vermont,5/19/2018,26
Virginia,5/19/2018,1003
Washington,5/19/2018,21
West Virginia,5/19/2018,50
Wisconsin,5/19/2018,89
Wyoming,5/19/2018,14
Alabama,5/26/2018,358
Alaska,5/26/2018,104
Arizona,5/26/2018,342
Arkansas,5/26/2018,23
California,5/26/2018,690
Colorado,5/26/2018,72
Connecticut,5/26/2018,42
Delaware,5/26/2018,1
Georgia,5/26/2018,768
Hawaii,5/26/2018,22
Idaho,5/26/2018,6
Illinois,5/26/2018,366
Indiana,5/26/2018,30
Iowa,5/26/2018,3
Kansas,5/26/2018,30
Kentucky,5/26/2018,26
Louisiana,5/26/2018,989
Maine,5/26/2018,7
Maryland,5/26/2018,47
Massachusetts,5/26/2018,337
Michigan,5/26/2018,127
Minnesota,5/26/2018,55
Mississippi,5/26/2018,301
Missouri,5/26/2018,4
Montana,5/26/2018,0
Nebraska,5/26/2018,124
Nevada,5/26/2018,70
New Hampshire,5/26/2018,7
New Jersey,5/26/2018,470
New Mexico,5/26/2018,170
New York,5/26/2018,99
North Carolina,5/26/2018,60
North Dakota,5/26/2018,9
Ohio,5/26/2018,75
Oklahoma,5/26/2018,19
Oregon,5/26/2018,255
Pennsylvania,5/26/2018,378
Rhode Island,5/26/2018,9
South Carolina,5/26/2018,27
South Dakota,5/26/2018,54
Tennessee,5/26/2018,33
Texas,5/26/2018,441
Utah,5/26/2018,315
Vermont,5/26/2018,13
Virginia,5/26/2018,981
Washington,5/26/2018,11
West Virginia,5/26/2018,41
Wisconsin,5/26/2018,84
Wyoming,5/26/2018,14
Alabama,6/2/2018,386
Alaska,6/2/2018,75
Arizona,6/2/2018,325
Arkansas,6/2/2018,21
California,6/2/2018,581
Colorado,6/2/2018,78
Connecticut,6/2/2018,7
Delaware,6/2/2018,0
Georgia,6/2/2018,768
Hawaii,6/2/2018,12
Idaho,6/2/2018,1
Illinois,6/2/2018,323
Indiana,6/2/2018,28
Iowa,6/2/2018,0
Kansas,6/2/2018,21
Kentucky,6/2/2018,20
Louisiana,6/2/2018,888
Maine,6/2/2018,2
Maryland,6/2/2018,68
Massachusetts,6/2/2018,248
Michigan,6/2/2018,93
Minnesota,6/2/2018,43
Mississippi,6/2/2018,293
Missouri,6/2/2018,5
Montana,6/2/2018,0
Nebraska,6/2/2018,108
Nevada,6/2/2018,97
New Hampshire,6/2/2018,6
New Jersey,6/2/2018,432
New Mexico,6/2/2018,203
New York,6/2/2018,99
North Carolina,6/2/2018,27
North Dakota,6/2/2018,3
Ohio,6/2/2018,53
Oklahoma,6/2/2018,8
Oregon,6/2/2018,280
Pennsylvania,6/2/2018,373
Rhode Island,6/2/2018,4
South Carolina,6/2/2018,24
South Dakota,6/2/2018,32
Tennessee,6/2/2018,16
Texas,6/2/2018,334
Utah,6/2/2018,364
Vermont,6/2/2018,13
Virginia,6/2/2018,972
Washington,6/2/2018,1
West Virginia,6/2/2018,20
Wisconsin,6/2/2018,75
Wyoming,6/2/2018,10
Alabama,6/9/2018,286
Alaska,6/9/2018,70
Arizona,6/9/2018,180
Arkansas,6/9/2018,17
California,6/9/2018,571
Colorado,6/9/2018,66
Connecticut,6/9/2018,7
Delaware,6/9/2018,0
Georgia,6/9/2018,638
Hawaii,6/9/2018,17
Idaho,6/9/2018,2
Illinois,6/9/2018,224
Indiana,6/9/2018,29
Iowa,6/9/2018,0
Kansas,6/9/2018,17
Kentucky,6/9/2018,14
Louisiana,6/9/2018,743
Maine,6/9/2018,0
Maryland,6/9/2018,92
Massachusetts,6/9/2018,193
Michigan,6/9/2018,72
Minnesota,6/9/2018,28
Mississippi,6/9/2018,222
Missouri,6/9/2018,2
Montana,6/9/2018,0
Nebraska,6/9/2018,89
Nevada,6/9/2018,94
New Hampshire,6/9/2018,7
New Jersey,6/9/2018,459
New Mexico,6/9/2018,205
New York,6/9/2018,2
North Carolina,6/9/2018,46
North Dakota,6/9/2018,3
Ohio,6/9/2018,56
Oklahoma,6/9/2018,10
Oregon,6/9/2018,286
Pennsylvania,6/9/2018,379
Rhode Island,6/9/2018,1
South Carolina,6/9/2018,14
South Dakota,6/9/2018,28
Tennessee,6/9/2018,11
Texas,6/9/2018,316
Utah,6/9/2018,301
Vermont,6/9/2018,23
Virginia,6/9/2018,790
Washington,6/9/2018,1
West Virginia,6/9/2018,11
Wisconsin,6/9/2018,74
Wyoming,6/9/2018,17
Alabama,6/16/2018,281
Alaska,6/16/2018,36
Arizona,6/16/2018,140
Arkansas,6/16/2018,20
California,6/16/2018,548
Colorado,6/16/2018,57
Connecticut,6/16/2018,10
Delaware,6/16/2018,1
Georgia,6/16/2018,528
Hawaii,6/16/2018,10
Idaho,6/16/2018,1
Illinois,6/16/2018,209
Indiana,6/16/2018,9
Iowa,6/16/2018,0
Kansas,6/16/2018,12
Kentucky,6/16/2018,17
Louisiana,6/16/2018,667
Maine,6/16/2018,4
Maryland,6/16/2018,43
Massachusetts,6/16/2018,185
Michigan,6/16/2018,130
Minnesota,6/16/2018,5
Mississippi,6/16/2018,208
Missouri,6/16/2018,2
Montana,6/16/2018,0
Nebraska,6/16/2018,73
Nevada,6/16/2018,85
New Hampshire,6/16/2018,11
New Jersey,6/16/2018,431
New Mexico,6/16/2018,137
New York,6/16/2018,3
North Carolina,6/16/2018,28
North Dakota,6/16/2018,4
Ohio,6/16/2018,74
Oklahoma,6/16/2018,9
Oregon,6/16/2018,266
Pennsylvania,6/16/2018,318
Rhode Island,6/16/2018,5
South Carolina,6/16/2018,11
South Dakota,6/16/2018,37
Tennessee,6/16/2018,11
Texas,6/16/2018,320
Utah,6/16/2018,27
Vermont,6/16/2018,18
Virginia,6/16/2018,808
Washington,6/16/2018,13
West Virginia,6/16/2018,13
Wisconsin,6/16/2018,4
Wyoming,6/16/2018,16
Alabama,6/23/2018,184
Alaska,6/23/2018,58
Arizona,6/23/2018,288
Arkansas,6/23/2018,10
California,6/23/2018,526
Colorado,6/23/2018,46
Connecticut,6/23/2018,13
Delaware,6/23/2018,1
Georgia,6/23/2018,516
Hawaii,6/23/2018,16
Idaho,6/23/2018,1
Illinois,6/23/2018,269
Indiana,6/23/2018,13
Iowa,6/23/2018,0
Kansas,6/23/2018,2
Kentucky,6/23/2018,15
Louisiana,6/23/2018,672
Maine,6/23/2018,4
Maryland,6/23/2018,32
Massachusetts,6/23/2018,178
Michigan,6/23/2018,73
Minnesota,6/23/2018,37
Mississippi,6/23/2018,191
Missouri,6/23/2018,5
Montana,6/23/2018,0
Nebraska,6/23/2018,18
Nevada,6/23/2018,69
New Hampshire,6/23/2018,14
New Jersey,6/23/2018,411
New Mexico,6/23/2018,135
New York,6/23/2018,0
North Carolina,6/23/2018,28
North Dakota,6/23/2018,3
Ohio,6/23/2018,48
Oklahoma,6/23/2018,0
Oregon,6/23/2018,240
Pennsylvania,6/23/2018,280
Rhode Island,6/23/2018,8
South Carolina,6/23/2018,18
South Dakota,6/23/2018,30
Tennessee,6/23/2018,21
Texas,6/23/2018,250
Utah,6/23/2018,124
Vermont,6/23/2018,15
Virginia,6/23/2018,790
Washington,6/23/2018,14
West Virginia,6/23/2018,12
Wisconsin,6/23/2018,3
Wyoming,6/23/2018,22
Alabama,6/30/2018,222
Alaska,6/30/2018,84
Arizona,6/30/2018,266
Arkansas,6/30/2018,11
California,6/30/2018,493
Colorado,6/30/2018,65
Connecticut,6/30/2018,13
Delaware,6/30/2018,8
Georgia,6/30/2018,457
Hawaii,6/30/2018,10
Idaho,6/30/2018,1
Illinois,6/30/2018,239
Indiana,6/30/2018,16
Iowa,6/30/2018,0
Kansas,6/30/2018,15
Kentucky,6/30/2018,3
Louisiana,6/30/2018,669
Maine,6/30/2018,0
Maryland,6/30/2018,31
Massachusetts,6/30/2018,192
Michigan,6/30/2018,68
Minnesota,6/30/2018,53
Mississippi,6/30/2018,168
Missouri,6/30/2018,6
Montana,6/30/2018,0
Nebraska,6/30/2018,22
Nevada,6/30/2018,31
New Hampshire,6/30/2018,7
New Jersey,6/30/2018,339
New Mexico,6/30/2018,116
New York,6/30/2018,1
North Carolina,6/30/2018,19
North Dakota,6/30/2018,3
Ohio,6/30/2018,59
Oklahoma,6/30/2018,6
Oregon,6/30/2018,198
Pennsylvania,6/30/2018,261
Rhode Island,6/30/2018,1
South Carolina,6/30/2018,20
South Dakota,6/30/2018,39
Tennessee,6/30/2018,12
Texas,6/30/2018,288
Utah,6/30/2018,115
Vermont,6/30/2018,18
Virginia,6/30/2018,767
Washington,6/30/2018,19
West Virginia,6/30/2018,6
Wisconsin,6/30/2018,1
Wyoming,6/30/2018,21
Alabama,7/7/2018,247
Alaska,7/7/2018,81
Arizona,7/7/2018,189
Arkansas,7/7/2018,10
California,7/7/2018,380
Colorado,7/7/2018,37
Connecticut,7/7/2018,1
Delaware,7/7/2018,0
Georgia,7/7/2018,426
Hawaii,7/7/2018,16
Idaho,7/7/2018,1
Illinois,7/7/2018,241
Indiana,7/7/2018,14
Iowa,7/7/2018,0
Kansas,7/7/2018,4
Kentucky,7/7/2018,11
Louisiana,7/7/2018,623
Maine,7/7/2018,3
Maryland,7/7/2018,39
Massachusetts,7/7/2018,159
Michigan,7/7/2018,54
Minnesota,7/7/2018,18
Mississippi,7/7/2018,193
Missouri,7/7/2018,0
Montana,7/7/2018,0
Nebraska,7/7/2018,95
Nevada,7/7/2018,45
New Hampshire,7/7/2018,3
New Jersey,7/7/2018,363
New Mexico,7/7/2018,139
New York,7/7/2018,10
North Carolina,7/7/2018,19
North Dakota,7/7/2018,4
Ohio,7/7/2018,41
Oklahoma,7/7/2018,8
Oregon,7/7/2018,201
Pennsylvania,7/7/2018,236
Rhode Island,7/7/2018,4
South Carolina,7/7/2018,13
South Dakota,7/7/2018,33
Tennessee,7/7/2018,23
Texas,7/7/2018,211
Utah,7/7/2018,8
Vermont,7/7/2018,18
Virginia,7/7/2018,723
Washington,7/7/2018,12
West Virginia,7/7/2018,15
Wisconsin,7/7/2018,3
Wyoming,7/7/2018,20
Alabama,7/14/2018,226
Alaska,7/14/2018,79
Arizona,7/14/2018,238
Arkansas,7/14/2018,13
California,7/14/2018,398
Colorado,7/14/2018,53
Connecticut,7/14/2018,7
Delaware,7/14/2018,0
Georgia,7/14/2018,446
Hawaii,7/14/2018,9
Idaho,7/14/2018,0
Illinois,7/14/2018,264
Indiana,7/14/2018,20
Iowa,7/14/2018,2
Kansas,7/14/2018,0
Kentucky,7/14/2018,14
Louisiana,7/14/2018,602
Maine,7/14/2018,1
Maryland,7/14/2018,53
Massachusetts,7/14/2018,241
Michigan,7/14/2018,48
Minnesota,7/14/2018,28
Mississippi,7/14/2018,190
Missouri,7/14/2018,0
Montana,7/14/2018,0
Nebraska,7/14/2018,59
Nevada,7/14/2018,47
New Hampshire,7/14/2018,6
New Jersey,7/14/2018,332
New Mexico,7/14/2018,135
New York,7/14/2018,0
North Carolina,7/14/2018,33
North Dakota,7/14/2018,2
Ohio,7/14/2018,50
Oklahoma,7/14/2018,19
Oregon,7/14/2018,163
Pennsylvania,7/14/2018,251
Rhode Island,7/14/2018,1
South Carolina,7/14/2018,14
South Dakota,7/14/2018,21
Tennessee,7/14/2018,4
Texas,7/14/2018,256
Utah,7/14/2018,121
Vermont,7/14/2018,13
Virginia,7/14/2018,619
Washington,7/14/2018,8
West Virginia,7/14/2018,18
Wisconsin,7/14/2018,6
Wyoming,7/14/2018,29
Alabama,7/21/2018,226
Alaska,7/21/2018,63
Arizona,7/21/2018,142
Arkansas,7/21/2018,12
California,7/21/2018,379
Colorado,7/21/2018,48
Connecticut,7/21/2018,14
Delaware,7/21/2018,7
Georgia,7/21/2018,392
Hawaii,7/21/2018,11
Idaho,7/21/2018,0
Illinois,7/21/2018,221
Indiana,7/21/2018,24
Iowa,7/21/2018,1
Kansas,7/21/2018,2
Kentucky,7/21/2018,20
Louisiana,7/21/2018,569
Maine,7/21/2018,0
Maryland,7/21/2018,15
Massachusetts,7/21/2018,193
Michigan,7/21/2018,39
Minnesota,7/21/2018,42
Mississippi,7/21/2018,156
Missouri,7/21/2018,2
Montana,7/21/2018,0
Nebraska,7/21/2018,73
Nevada,7/21/2018,39
New Hampshire,7/21/2018,1
New Jersey,7/21/2018,312
New Mexico,7/21/2018,105
New York,7/21/2018,0
North Carolina,7/21/2018,4
North Dakota,7/21/2018,1
Ohio,7/21/2018,49
Oklahoma,7/21/2018,10
Oregon,7/21/2018,146
Pennsylvania,7/21/2018,157
Rhode Island,7/21/2018,0
South Carolina,7/21/2018,8
South Dakota,7/21/2018,27
Tennessee,7/21/2018,23
Texas,7/21/2018,203
Utah,7/21/2018,111
Vermont,7/21/2018,15
Virginia,7/21/2018,602
Washington,7/21/2018,9
West Virginia,7/21/2018,8
Wisconsin,7/21/2018,10
Wyoming,7/21/2018,12
Alabama,7/28/2018,211
Alaska,7/28/2018,60
Arizona,7/28/2018,260
Arkansas,7/28/2018,8
California,7/28/2018,382
Colorado,7/28/2018,35
Connecticut,7/28/2018,2
Delaware,7/28/2018,3
Georgia,7/28/2018,441
Hawaii,7/28/2018,9
Idaho,7/28/2018,1
Illinois,7/28/2018,164
Indiana,7/28/2018,18
Iowa,7/28/2018,1
Kansas,7/28/2018,1
Kentucky,7/28/2018,14
Louisiana,7/28/2018,638
Maine,7/28/2018,3
Maryland,7/28/2018,22
Massachusetts,7/28/2018,198
Michigan,7/28/2018,65
Minnesota,7/28/2018,33
Mississippi,7/28/2018,198
Missouri,7/28/2018,1
Montana,7/28/2018,0
Nebraska,7/28/2018,37
Nevada,7/28/2018,51
New Hampshire,7/28/2018,8
New Jersey,7/28/2018,288
New Mexico,7/28/2018,35
New York,7/28/2018,1
North Carolina,7/28/2018,11
North Dakota,7/28/2018,1
Ohio,7/28/2018,30
Oklahoma,7/28/2018,7
Oregon,7/28/2018,117
Pennsylvania,7/28/2018,168
Rhode Island,7/28/2018,1
South Carolina,7/28/2018,12
South Dakota,7/28/2018,40
Tennessee,7/28/2018,19
Texas,7/28/2018,197
Utah,7/28/2018,31
Vermont,7/28/2018,8
Virginia,7/28/2018,540
Washington,7/28/2018,11
West Virginia,7/28/2018,6
Wisconsin,7/28/2018,5
Wyoming,7/28/2018,9
Alabama,8/4/2018,227
Alaska,8/4/2018,63
Arizona,8/4/2018,166
Arkansas,8/4/2018,8
California,8/4/2018,374
Colorado,8/4/2018,40
Connecticut,8/4/2018,0
Delaware,8/4/2018,0
Georgia,8/4/2018,390
Hawaii,8/4/2018,4
Idaho,8/4/2018,0
Illinois,8/4/2018,177
Indiana,8/4/2018,16
Iowa,8/4/2018,1
Kansas,8/4/2018,1
Kentucky,8/4/2018,2
Louisiana,8/4/2018,658
Maine,8/4/2018,3
Maryland,8/4/2018,21
Massachusetts,8/4/2018,165
Michigan,8/4/2018,75
Minnesota,8/4/2018,39
Mississippi,8/4/2018,165
Missouri,8/4/2018,2
Montana,8/4/2018,0
Nebraska,8/4/2018,35
Nevada,8/4/2018,39
New Hampshire,8/4/2018,15
New Jersey,8/4/2018,279
New Mexico,8/4/2018,139
New York,8/4/2018,1
North Carolina,8/4/2018,8
North Dakota,8/4/2018,1
Ohio,8/4/2018,52
Oklahoma,8/4/2018,9
Oregon,8/4/2018,100
Pennsylvania,8/4/2018,205
Rhode Island,8/4/2018,2
South Carolina,8/4/2018,11
South Dakota,8/4/2018,18
Tennessee,8/4/2018,10
Texas,8/4/2018,209
Utah,8/4/2018,109
Vermont,8/4/2018,15
Virginia,8/4/2018,529
Washington,8/4/2018,5
West Virginia,8/4/2018,11
Wisconsin,8/4/2018,3
Wyoming,8/4/2018,18
Alabama,8/11/2018,226
Alaska,8/11/2018,64
Arizona,8/11/2018,257
Arkansas,8/11/2018,14
California,8/11/2018,387
Colorado,8/11/2018,40
Connecticut,8/11/2018,10
Delaware,8/11/2018,0
Georgia,8/11/2018,465
Hawaii,8/11/2018,10
Idaho,8/11/2018,0
Illinois,8/11/2018,157
Indiana,8/11/2018,31
Iowa,8/11/2018,4
Kansas,8/11/2018,1
Kentucky,8/11/2018,14
Louisiana,8/11/2018,617
Maine,8/11/2018,2
Maryland,8/11/2018,20
Massachusetts,8/11/2018,191
Michigan,8/11/2018,43
Minnesota,8/11/2018,2
Mississippi,8/11/2018,134
Missouri,8/11/2018,3
Montana,8/11/2018,0
Nebraska,8/11/2018,85
Nevada,8/11/2018,33
New Hampshire,8/11/2018,10
New Jersey,8/11/2018,304
New Mexico,8/11/2018,143
New York,8/11/2018,0
North Carolina,8/11/2018,2
North Dakota,8/11/2018,0
Ohio,8/11/2018,50
Oklahoma,8/11/2018,28
Oregon,8/11/2018,127
Pennsylvania,8/11/2018,175
Rhode Island,8/11/2018,3
South Carolina,8/11/2018,10
South Dakota,8/11/2018,31
Tennessee,8/11/2018,18
Texas,8/11/2018,156
Utah,8/11/2018,176
Vermont,8/11/2018,17
Virginia,8/11/2018,523
Washington,8/11/2018,8
West Virginia,8/11/2018,5
Wisconsin,8/11/2018,5
Wyoming,8/11/2018,14
Alabama,8/18/2018,326
Alaska,8/18/2018,75
Arizona,8/18/2018,222
Arkansas,8/18/2018,8
California,8/18/2018,391
Colorado,8/18/2018,48
Connecticut,8/18/2018,2
Delaware,8/18/2018,0
Georgia,8/18/2018,711
Hawaii,8/18/2018,7
Idaho,8/18/2018,0
Illinois,8/18/2018,172
Indiana,8/18/2018,29
Iowa,8/18/2018,9
Kansas,8/18/2018,0
Kentucky,8/18/2018,22
Louisiana,8/18/2018,712
Maine,8/18/2018,3
Maryland,8/18/2018,19
Massachusetts,8/18/2018,205
Michigan,8/18/2018,60
Minnesota,8/18/2018,5
Mississippi,8/18/2018,248
Missouri,8/18/2018,3
Montana,8/18/2018,0
Nebraska,8/18/2018,54
Nevada,8/18/2018,36
New Hampshire,8/18/2018,12
New Jersey,8/18/2018,318
New Mexico,8/18/2018,175
New York,8/18/2018,0
North Carolina,8/18/2018,12
North Dakota,8/18/2018,0
Ohio,8/18/2018,54
Oklahoma,8/18/2018,34
Oregon,8/18/2018,141
Pennsylvania,8/18/2018,194
Rhode Island,8/18/2018,2
South Carolina,8/18/2018,16
South Dakota,8/18/2018,32
Tennessee,8/18/2018,7
Texas,8/18/2018,184
Utah,8/18/2018,173
Vermont,8/18/2018,11
Virginia,8/18/2018,517
Washington,8/18/2018,5
West Virginia,8/18/2018,7
Wisconsin,8/18/2018,7
Wyoming,8/18/2018,14
Alabama,8/25/2018,512
Alaska,8/25/2018,73
Arizona,8/25/2018,375
Arkansas,8/25/2018,15
California,8/25/2018,335
Colorado,8/25/2018,75
Connecticut,8/25/2018,13
Delaware,8/25/2018,0
Georgia,8/25/2018,810
Hawaii,8/25/2018,8
Idaho,8/25/2018,0
Illinois,8/25/2018,188
Indiana,8/25/2018,43
Iowa,8/25/2018,8
Kansas,8/25/2018,2
Kentucky,8/25/2018,36
Louisiana,8/25/2018,908
Maine,8/25/2018,2
Maryland,8/25/2018,38
Massachusetts,8/25/2018,203
Michigan,8/25/2018,46
Minnesota,8/25/2018,2
Mississippi,8/25/2018,243
Missouri,8/25/2018,1
Montana,8/25/2018,0
Nebraska,8/25/2018,160
Nevada,8/25/2018,46
New Hampshire,8/25/2018,13
New Jersey,8/25/2018,380
New Mexico,8/25/2018,46
New York,8/25/2018,0
North Carolina,8/25/2018,10
North Dakota,8/25/2018,1
Ohio,8/25/2018,73
Oklahoma,8/25/2018,45
Oregon,8/25/2018,133
Pennsylvania,8/25/2018,198
Rhode Island,8/25/2018,1
South Carolina,8/25/2018,9
South Dakota,8/25/2018,42
Tennessee,8/25/2018,18
Texas,8/25/2018,270
Utah,8/25/2018,0
Vermont,8/25/2018,11
Virginia,8/25/2018,624
Washington,8/25/2018,8
West Virginia,8/25/2018,5
Wisconsin,8/25/2018,9
Wyoming,8/25/2018,16
Alabama,9/1/2018,497
Alaska,9/1/2018,114
Arizona,9/1/2018,295
Arkansas,9/1/2018,25
California,9/1/2018,435
Colorado,9/1/2018,77
Connecticut,9/1/2018,11
Delaware,9/1/2018,0
Georgia,9/1/2018,852
Hawaii,9/1/2018,24
Idaho,9/1/2018,0
Illinois,9/1/2018,269
Indiana,9/1/2018,48
Iowa,9/1/2018,7
Kansas,9/1/2018,0
Kentucky,9/1/2018,32
Louisiana,9/1/2018,976
Maine,9/1/2018,0
Maryland,9/1/2018,30
Massachusetts,9/1/2018,191
Michigan,9/1/2018,43
Minnesota,9/1/2018,8
Mississippi,9/1/2018,269
Missouri,9/1/2018,10
Montana,9/1/2018,0
Nebraska,9/1/2018,162
Nevada,9/1/2018,54
New Hampshire,9/1/2018,3
New Jersey,9/1/2018,356
New Mexico,9/1/2018,199
New York,9/1/2018,0
North Carolina,9/1/2018,25
North Dakota,9/1/2018,1
Ohio,9/1/2018,85
Oklahoma,9/1/2018,59
Oregon,9/1/2018,160
Pennsylvania,9/1/2018,238
Rhode Island,9/1/2018,1
South Carolina,9/1/2018,16
South Dakota,9/1/2018,45
Tennessee,9/1/2018,31
Texas,9/1/2018,244
Utah,9/1/2018,173
Vermont,9/1/2018,14
Virginia,9/1/2018,670
Washington,9/1/2018,7
West Virginia,9/1/2018,12
Wisconsin,9/1/2018,9
Wyoming,9/1/2018,11
Alabama,9/8/2018,565
Alaska,9/8/2018,121
Arizona,9/8/2018,316
Arkansas,9/8/2018,21
California,9/8/2018,515
Colorado,9/8/2018,99
Connecticut,9/8/2018,13
Delaware,9/8/2018,0
Georgia,9/8/2018,896
Hawaii,9/8/2018,17
Idaho,9/8/2018,0
Illinois,9/8/2018,263
Indiana,9/8/2018,27
Iowa,9/8/2018,7
Kansas,9/8/2018,5
Kentucky,9/8/2018,64
Louisiana,9/8/2018,1084
Maine,9/8/2018,2
Maryland,9/8/2018,23
Massachusetts,9/8/2018,238
Michigan,9/8/2018,89
Minnesota,9/8/2018,48
Mississippi,9/8/2018,327
Missouri,9/8/2018,21
Montana,9/8/2018,0
Nebraska,9/8/2018,172
Nevada,9/8/2018,62
New Hampshire,9/8/2018,10
New Jersey,9/8/2018,485
New Mexico,9/8/2018,202
New York,9/8/2018,2
North Carolina,9/8/2018,30
North Dakota,9/8/2018,1
Ohio,9/8/2018,67
Oklahoma,9/8/2018,55
Oregon,9/8/2018,201
Pennsylvania,9/8/2018,307
Rhode Island,9/8/2018,5
South Carolina,9/8/2018,61
South Dakota,9/8/2018,55
Tennessee,9/8/2018,29
Texas,9/8/2018,382
Utah,9/8/2018,343
Vermont,9/8/2018,9
Virginia,9/8/2018,812
Washington,9/8/2018,12
West Virginia,9/8/2018,10
Wisconsin,9/8/2018,19
Wyoming,9/8/2018,17
Alabama,9/15/2018,565
Alaska,9/15/2018,100
Arizona,9/15/2018,355
Arkansas,9/15/2018,23
California,9/15/2018,645
Colorado,9/15/2018,83
Connecticut,9/15/2018,48
Delaware,9/15/2018,2
Georgia,9/15/2018,888
Hawaii,9/15/2018,28
Idaho,9/15/2018,0
Illinois,9/15/2018,292
Indiana,9/15/2018,52
Iowa,9/15/2018,10
Kansas,9/15/2018,10
Kentucky,9/15/2018,37
Louisiana,9/15/2018,928
Maine,9/15/2018,0
Maryland,9/15/2018,24
Massachusetts,9/15/2018,288
Michigan,9/15/2018,144
Minnesota,9/15/2018,72
Mississippi,9/15/2018,263
Missouri,9/15/2018,14
Montana,9/15/2018,0
Nebraska,9/15/2018,125
Nevada,9/15/2018,57
New Hampshire,9/15/2018,8
New Jersey,9/15/2018,594
New Mexico,9/15/2018,191
New York,9/15/2018,8
North Carolina,9/15/2018,36
North Dakota,9/15/2018,0
Ohio,9/15/2018,54
Oklahoma,9/15/2018,46
Oregon,9/15/2018,165
Pennsylvania,9/15/2018,395
Rhode Island,9/15/2018,6
South Carolina,9/15/2018,69
South Dakota,9/15/2018,64
Tennessee,9/15/2018,22
Texas,9/15/2018,449
Utah,9/15/2018,251
Vermont,9/15/2018,14
Virginia,9/15/2018,984
Washington,9/15/2018,17
West Virginia,9/15/2018,24
Wisconsin,9/15/2018,26
Wyoming,9/15/2018,15
Alabama,9/22/2018,605
Alaska,9/22/2018,85
Arizona,9/22/2018,286
Arkansas,9/22/2018,26
California,9/22/2018,555
Colorado,9/22/2018,80
Connecticut,9/22/2018,73
Delaware,9/22/2018,1
Georgia,9/22/2018,844
Hawaii,9/22/2018,19
Idaho,9/22/2018,3
Illinois,9/22/2018,334
Indiana,9/22/2018,41
Iowa,9/22/2018,12
Kansas,9/22/2018,6
Kentucky,9/22/2018,8
Louisiana,9/22/2018,1031
Maine,9/22/2018,4
Maryland,9/22/2018,34
Massachusetts,9/22/2018,321
Michigan,9/22/2018,196
Minnesota,9/22/2018,77
Mississippi,9/22/2018,284
Missouri,9/22/2018,18
Montana,9/22/2018,0
Nebraska,9/22/2018,89
Nevada,9/22/2018,74
New Hampshire,9/22/2018,14
New Jersey,9/22/2018,806
New Mexico,9/22/2018,184
New York,9/22/2018,11
North Carolina,9/22/2018,45
North Dakota,9/22/2018,2
Ohio,9/22/2018,80
Oklahoma,9/22/2018,0
Oregon,9/22/2018,204
Pennsylvania,9/22/2018,505
Rhode Island,9/22/2018,10
South Carolina,9/22/2018,44
South Dakota,9/22/2018,52
Tennessee,9/22/2018,21
Texas,9/22/2018,465
Utah,9/22/2018,339
Vermont,9/22/2018,11
Virginia,9/22/2018,1015
Washington,9/22/2018,20
West Virginia,9/22/2018,38
Wisconsin,9/22/2018,46
Wyoming,9/22/2018,16
Alabama,9/29/2018,544
Alaska,9/29/2018,126
Arizona,9/29/2018,224
Arkansas,9/29/2018,45
California,9/29/2018,546
Colorado,9/29/2018,64
Connecticut,9/29/2018,38
Delaware,9/29/2018,3
Georgia,9/29/2018,856
Hawaii,9/29/2018,29
Idaho,9/29/2018,1
Illinois,9/29/2018,272
Indiana,9/29/2018,34
Iowa,9/29/2018,11
Kansas,9/29/2018,6
Kentucky,9/29/2018,40
Louisiana,9/29/2018,1041
Maine,9/29/2018,2
Maryland,9/29/2018,42
Massachusetts,9/29/2018,318
Michigan,9/29/2018,163
Minnesota,9/29/2018,71
Mississippi,9/29/2018,355
Missouri,9/29/2018,11
Montana,9/29/2018,0
Nebraska,9/29/2018,97
Nevada,9/29/2018,60
New Hampshire,9/29/2018,15
New Jersey,9/29/2018,902
New Mexico,9/29/2018,178
New York,9/29/2018,26
North Carolina,9/29/2018,49
North Dakota,9/29/2018,6
Ohio,9/29/2018,80
Oklahoma,9/29/2018,65
Oregon,9/29/2018,238
Pennsylvania,9/29/2018,568
Rhode Island,9/29/2018,15
South Carolina,9/29/2018,46
South Dakota,9/29/2018,79
Tennessee,9/29/2018,25
Texas,9/29/2018,561
Utah,9/29/2018,225
Vermont,9/29/2018,19
Virginia,9/29/2018,1194
Washington,9/29/2018,11
West Virginia,9/29/2018,44
Wisconsin,9/29/2018,37
Wyoming,9/29/2018,55
Alabama,10/6/2018,640
Alaska,10/6/2018,79
Arizona,10/6/2018,307
Arkansas,10/6/2018,54
California,10/6/2018,698
Colorado,10/6/2018,843
Connecticut,10/6/2018,73
Delaware,10/6/2018,0
Georgia,10/6/2018,1850
Hawaii,10/6/2018,34
Idaho,10/6/2018,8
Illinois,10/6/2018,394
Indiana,10/6/2018,65
Iowa,10/6/2018,32
Kansas,10/6/2018,119
Kentucky,10/6/2018,114
Louisiana,10/6/2018,1256
Maine,10/6/2018,135
Maryland,10/6/2018,58
Massachusetts,10/6/2018,505
Michigan,10/6/2018,281
Minnesota,10/6/2018,97
Mississippi,10/6/2018,339
Missouri,10/6/2018,25
Montana,10/6/2018,49
Nebraska,10/6/2018,89
Nevada,10/6/2018,65
New Hampshire,10/6/2018,19
New Jersey,10/6/2018,885
New Mexico,10/6/2018,171
New York,10/6/2018,623
North Carolina,10/6/2018,974
North Dakota,10/6/2018,32
Ohio,10/6/2018,127
Oklahoma,10/6/2018,113
Oregon,10/6/2018,260
Pennsylvania,10/6/2018,536
Rhode Island,10/6/2018,15
South Carolina,10/6/2018,217
South Dakota,10/6/2018,147
Tennessee,10/6/2018,39
Texas,10/6/2018,730
Utah,10/6/2018,258
Vermont,10/6/2018,53
Virginia,10/6/2018,1373
Washington,10/6/2018,24
West Virginia,10/6/2018,107
Wisconsin,10/6/2018,268
Wyoming,10/6/2018,63
Alabama,10/13/2018,635
Alaska,10/13/2018,109
Arizona,10/13/2018,288
Arkansas,10/13/2018,52
California,10/13/2018,598
Colorado,10/13/2018,978
Connecticut,10/13/2018,70
Delaware,10/13/2018,2
Georgia,10/13/2018,1830
Hawaii,10/13/2018,29
Idaho,10/13/2018,5
Illinois,10/13/2018,493
Indiana,10/13/2018,58
Iowa,10/13/2018,35
Kansas,10/13/2018,124
Kentucky,10/13/2018,142
Louisiana,10/13/2018,1312
Maine,10/13/2018,150
Maryland,10/13/2018,56
Massachusetts,10/13/2018,583
Michigan,10/13/2018,259
Minnesota,10/13/2018,133
Mississippi,10/13/2018,346
Missouri,10/13/2018,23
Montana,10/13/2018,43
Nebraska,10/13/2018,196
Nevada,10/13/2018,107
New Hampshire,10/13/2018,6
New Jersey,10/13/2018,897
New Mexico,10/13/2018,173
New York,10/13/2018,661
North Carolina,10/13/2018,1139
North Dakota,10/13/2018,49
Ohio,10/13/2018,117
Oklahoma,10/13/2018,121
Oregon,10/13/2018,280
Pennsylvania,10/13/2018,639
Rhode Island,10/13/2018,18
South Carolina,10/13/2018,224
South Dakota,10/13/2018,126
Tennessee,10/13/2018,53
Texas,10/13/2018,589
Utah,10/13/2018,149
Vermont,10/13/2018,60
Virginia,10/13/2018,1490
Washington,10/13/2018,37
West Virginia,10/13/2018,108
Wisconsin,10/13/2018,319
Wyoming,10/13/2018,64
Alabama,10/20/2018,658
Alaska,10/20/2018,100
Arizona,10/20/2018,332
Arkansas,10/20/2018,87
California,10/20/2018,691
Colorado,10/20/2018,1042
Connecticut,10/20/2018,66
Delaware,10/20/2018,3
Georgia,10/20/2018,2067
Hawaii,10/20/2018,35
Idaho,10/20/2018,2
Illinois,10/20/2018,518
Indiana,10/20/2018,47
Iowa,10/20/2018,33
Kansas,10/20/2018,136
Kentucky,10/20/2018,181
Louisiana,10/20/2018,1408
Maine,10/20/2018,137
Maryland,10/20/2018,86
Massachusetts,10/20/2018,605
Michigan,10/20/2018,293
Minnesota,10/20/2018,107
Mississippi,10/20/2018,384
Missouri,10/20/2018,33
Montana,10/20/2018,55
Nebraska,10/20/2018,47
Nevada,10/20/2018,89
New Hampshire,10/20/2018,21
New Jersey,10/20/2018,889
New Mexico,10/20/2018,204
New York,10/20/2018,706
North Carolina,10/20/2018,1261
North Dakota,10/20/2018,29
Ohio,10/20/2018,115
Oklahoma,10/20/2018,132
Oregon,10/20/2018,298
Pennsylvania,10/20/2018,610
Rhode Island,10/20/2018,22
South Carolina,10/20/2018,234
South Dakota,10/20/2018,142
Tennessee,10/20/2018,24
Texas,10/20/2018,607
Utah,10/20/2018,309
Vermont,10/20/2018,59
Virginia,10/20/2018,1715
Washington,10/20/2018,21
West Virginia,10/20/2018,130
Wisconsin,10/20/2018,308
Wyoming,10/20/2018,42
Alabama,10/27/2018,857
Alaska,10/27/2018,38
Arizona,10/27/2018,257
Arkansas,10/27/2018,85
California,10/27/2018,753
Colorado,10/27/2018,944
Connecticut,10/27/2018,81
Delaware,10/27/2018,4
Georgia,10/27/2018,2338
Hawaii,10/27/2018,38
Idaho,10/27/2018,7
Illinois,10/27/2018,579
Indiana,10/27/2018,65
Iowa,10/27/2018,45
Kansas,10/27/2018,176
Kentucky,10/27/2018,227
Louisiana,10/27/2018,1590
Maine,10/27/2018,168
Maryland,10/27/2018,69
Massachusetts,10/27/2018,550
Michigan,10/27/2018,339
Minnesota,10/27/2018,116
Mississippi,10/27/2018,405
Missouri,10/27/2018,43
Montana,10/27/2018,52
Nebraska,10/27/2018,177
Nevada,10/27/2018,94
New Hampshire,10/27/2018,23
New Jersey,10/27/2018,982
New Mexico,10/27/2018,233
New York,10/27/2018,700
North Carolina,10/27/2018,1425
North Dakota,10/27/2018,29
Ohio,10/27/2018,166
Oklahoma,10/27/2018,179
Oregon,10/27/2018,306
Pennsylvania,10/27/2018,652
Rhode Island,10/27/2018,31
South Carolina,10/27/2018,298
South Dakota,10/27/2018,141
Tennessee,10/27/2018,91
Texas,10/27/2018,761
Utah,10/27/2018,338
Vermont,10/27/2018,71
Virginia,10/27/2018,1632
Washington,10/27/2018,31
West Virginia,10/27/2018,151
Wisconsin,10/27/2018,286
Wyoming,10/27/2018,38
Alabama,11/3/2018,914
Alaska,11/3/2018,95
Arizona,11/3/2018,407
Arkansas,11/3/2018,109
California,11/3/2018,875
Colorado,11/3/2018,1073
Connecticut,11/3/2018,102
Delaware,11/3/2018,4
Georgia,11/3/2018,2626
Hawaii,11/3/2018,31
Idaho,11/3/2018,4
Illinois,11/3/2018,656
Indiana,11/3/2018,77
Iowa,11/3/2018,36
Kansas,11/3/2018,168
Kentucky,11/3/2018,232
Louisiana,11/3/2018,1645
Maine,11/3/2018,82
Maryland,11/3/2018,138
Massachusetts,11/3/2018,565
Michigan,11/3/2018,311
Minnesota,11/3/2018,162
Mississippi,11/3/2018,457
Missouri,11/3/2018,59
Montana,11/3/2018,62
Nebraska,11/3/2018,182
Nevada,11/3/2018,87
New Hampshire,11/3/2018,24
New Jersey,11/3/2018,992
New Mexico,11/3/2018,256
New York,11/3/2018,786
North Carolina,11/3/2018,1548
North Dakota,11/3/2018,40
Ohio,11/3/2018,193
Oklahoma,11/3/2018,235
Oregon,11/3/2018,313
Pennsylvania,11/3/2018,676
Rhode Island,11/3/2018,38
South Carolina,11/3/2018,347
South Dakota,11/3/2018,161
Tennessee,11/3/2018,72
Texas,11/3/2018,831
Utah,11/3/2018,275
Vermont,11/3/2018,58
Virginia,11/3/2018,1819
Washington,11/3/2018,27
West Virginia,11/3/2018,148
Wisconsin,11/3/2018,308
Wyoming,11/3/2018,35
Alabama,11/10/2018,1087
Alaska,11/10/2018,101
Arizona,11/10/2018,424
Arkansas,11/10/2018,100
California,11/10/2018,944
Colorado,11/10/2018,1120
Connecticut,11/10/2018,122
Delaware,11/10/2018,13
Georgia,11/10/2018,2745
Hawaii,11/10/2018,22
Idaho,11/10/2018,10
Illinois,11/10/2018,632
Indiana,11/10/2018,79
Iowa,11/10/2018,31
Kansas,11/10/2018,192
Kentucky,11/10/2018,229
Louisiana,11/10/2018,1867
Maine,11/10/2018,111
Maryland,11/10/2018,98
Massachusetts,11/10/2018,599
Michigan,11/10/2018,382
Minnesota,11/10/2018,132
Mississippi,11/10/2018,499
Missouri,11/10/2018,55
Montana,11/10/2018,50
Nebraska,11/10/2018,176
Nevada,11/10/2018,89
New Hampshire,11/10/2018,25
New Jersey,11/10/2018,926
New Mexico,11/10/2018,278
New York,11/10/2018,710
North Carolina,11/10/2018,1427
North Dakota,11/10/2018,27
Ohio,11/10/2018,157
Oklahoma,11/10/2018,153
Oregon,11/10/2018,347
Pennsylvania,11/10/2018,731
Rhode Island,11/10/2018,41
South Carolina,11/10/2018,406
South Dakota,11/10/2018,152
Tennessee,11/10/2018,81
Texas,11/10/2018,945
Utah,11/10/2018,428
Vermont,11/10/2018,45
Virginia,11/10/2018,1850
Washington,11/10/2018,30
West Virginia,11/10/2018,173
Wisconsin,11/10/2018,280
Wyoming,11/10/2018,41
Alabama,11/17/2018,1111
Alaska,11/17/2018,114
Arizona,11/17/2018,363
Arkansas,11/17/2018,110
California,11/17/2018,943
Colorado,11/17/2018,1160
Connecticut,11/17/2018,138
Delaware,11/17/2018,10
Georgia,11/17/2018,2888
Hawaii,11/17/2018,27
Idaho,11/17/2018,20
Illinois,11/17/2018,649
Indiana,11/17/2018,81
Iowa,11/17/2018,28
Kansas,11/17/2018,209
Kentucky,11/17/2018,207
Louisiana,11/17/2018,1956
Maine,11/17/2018,149
Maryland,11/17/2018,65
Massachusetts,11/17/2018,577
Michigan,11/17/2018,354
Minnesota,11/17/2018,139
Mississippi,11/17/2018,523
Missouri,11/17/2018,18
Montana,11/17/2018,61
Nebraska,11/17/2018,175
Nevada,11/17/2018,100
New Hampshire,11/17/2018,6
New Jersey,11/17/2018,1014
New Mexico,11/17/2018,271
New York,11/17/2018,659
North Carolina,11/17/2018,1389
North Dakota,11/17/2018,39
Ohio,11/17/2018,114
Oklahoma,11/17/2018,332
Oregon,11/17/2018,406
Pennsylvania,11/17/2018,675
Rhode Island,11/17/2018,19
South Carolina,11/17/2018,323
South Dakota,11/17/2018,72
Tennessee,11/17/2018,91
Texas,11/17/2018,973
Utah,11/17/2018,370
Vermont,11/17/2018,46
Virginia,11/17/2018,1896
Washington,11/17/2018,29
West Virginia,11/17/2018,154
Wisconsin,11/17/2018,316
Wyoming,11/17/2018,31
Alabama,11/24/2018,1084
Alaska,11/24/2018,121
Arizona,11/24/2018,434
Arkansas,11/24/2018,76
California,11/24/2018,719
Colorado,11/24/2018,986
Connecticut,11/24/2018,106
Delaware,11/24/2018,4
Georgia,11/24/2018,3230
Hawaii,11/24/2018,22
Idaho,11/24/2018,7
Illinois,11/24/2018,627
Indiana,11/24/2018,54
Iowa,11/24/2018,32
Kansas,11/24/2018,198
Kentucky,11/24/2018,201
Louisiana,11/24/2018,2271
Maine,11/24/2018,142
Maryland,11/24/2018,64
Massachusetts,11/24/2018,644
Michigan,11/24/2018,189
Minnesota,11/24/2018,110
Mississippi,11/24/2018,512
Missouri,11/24/2018,23
Montana,11/24/2018,95
Nebraska,11/24/2018,195
Nevada,11/24/2018,148
New Hampshire,11/24/2018,3
New Jersey,11/24/2018,988
New Mexico,11/24/2018,243
New York,11/24/2018,742
North Carolina,11/24/2018,1263
North Dakota,11/24/2018,21
Ohio,11/24/2018,125
Oklahoma,11/24/2018,223
Oregon,11/24/2018,450
Pennsylvania,11/24/2018,663
Rhode Island,11/24/2018,19
South Carolina,11/24/2018,424
South Dakota,11/24/2018,157
Tennessee,11/24/2018,81
Texas,11/24/2018,806
Utah,11/24/2018,522
Vermont,11/24/2018,28
Virginia,11/24/2018,2085
Washington,11/24/2018,30
West Virginia,11/24/2018,117
Wisconsin,11/24/2018,277
Wyoming,11/24/2018,16
Alabama,12/1/2018,1263
Alaska,12/1/2018,116
Arizona,12/1/2018,552
Arkansas,12/1/2018,97
California,12/1/2018,1177
Colorado,12/1/2018,1492
Connecticut,12/1/2018,155
Delaware,12/1/2018,5
Georgia,12/1/2018,3378
Hawaii,12/1/2018,34
Idaho,12/1/2018,7
Illinois,12/1/2018,732
Indiana,12/1/2018,93
Iowa,12/1/2018,35
Kansas,12/1/2018,206
Kentucky,12/1/2018,238
Louisiana,12/1/2018,2424
Maine,12/1/2018,110
Maryland,12/1/2018,83
Massachusetts,12/1/2018,716
Michigan,12/1/2018,386
Minnesota,12/1/2018,149
Mississippi,12/1/2018,631
Missouri,12/1/2018,54
Montana,12/1/2018,69
Nebraska,12/1/2018,195
Nevada,12/1/2018,171
New Hampshire,12/1/2018,5
New Jersey,12/1/2018,1098
New Mexico,12/1/2018,299
New York,12/1/2018,828
North Carolina,12/1/2018,1843
North Dakota,12/1/2018,46
Ohio,12/1/2018,204
Oklahoma,12/1/2018,202
Oregon,12/1/2018,443
Pennsylvania,12/1/2018,1074
Rhode Island,12/1/2018,37
South Carolina,12/1/2018,479
South Dakota,12/1/2018,186
Tennessee,12/1/2018,125
Texas,12/1/2018,1104
Utah,12/1/2018,456
Vermont,12/1/2018,47
Virginia,12/1/2018,2158
Washington,12/1/2018,40
West Virginia,12/1/2018,188
Wisconsin,12/1/2018,338
Wyoming,12/1/2018,32
Alabama,12/8/2018,1152
Alaska,12/8/2018,114
Arizona,12/8/2018,525
Arkansas,12/8/2018,94
California,12/8/2018,1206
Colorado,12/8/2018,1606
Connecticut,12/8/2018,240
Delaware,12/8/2018,14
Georgia,12/8/2018,3182
Hawaii,12/8/2018,36
Idaho,12/8/2018,9
Illinois,12/8/2018,788
Indiana,12/8/2018,96
Iowa,12/8/2018,39
Kansas,12/8/2018,192
Kentucky,12/8/2018,184
Louisiana,12/8/2018,2001
Maine,12/8/2018,113
Maryland,12/8/2018,70
Massachusetts,12/8/2018,762
Michigan,12/8/2018,352
Minnesota,12/8/2018,148
Mississippi,12/8/2018,540
Missouri,12/8/2018,63
Montana,12/8/2018,56
Nebraska,12/8/2018,179
Nevada,12/8/2018,168
New Hampshire,12/8/2018,21
New Jersey,12/8/2018,1172
New Mexico,12/8/2018,318
New York,12/8/2018,892
North Carolina,12/8/2018,1792
North Dakota,12/8/2018,28
Ohio,12/8/2018,208
Oklahoma,12/8/2018,197
Oregon,12/8/2018,440
Pennsylvania,12/8/2018,811
Rhode Island,12/8/2018,59
South Carolina,12/8/2018,418
South Dakota,12/8/2018,164
Tennessee,12/8/2018,129
Texas,12/8/2018,1017
Utah,12/8/2018,474
Vermont,12/8/2018,65
Virginia,12/8/2018,2071
Washington,12/8/2018,33
West Virginia,12/8/2018,155
Wisconsin,12/8/2018,311
Wyoming,12/8/2018,44
Alabama,12/15/2018,1420
Alaska,12/15/2018,134
Arizona,12/15/2018,622
Arkansas,12/15/2018,131
California,12/15/2018,1356
Colorado,12/15/2018,2122
Connecticut,12/15/2018,196
Delaware,12/15/2018,15
Georgia,12/15/2018,4258
Hawaii,12/15/2018,23
Idaho,12/15/2018,7
Illinois,12/15/2018,854
Indiana,12/15/2018,108
Iowa,12/15/2018,43
Kansas,12/15/2018,257
Kentucky,12/15/2018,383
Louisiana,12/15/2018,1978
Maine,12/15/2018,141
Maryland,12/15/2018,107
Massachusetts,12/15/2018,867
Michigan,12/15/2018,420
Minnesota,12/15/2018,192
Mississippi,12/15/2018,581
Missouri,12/15/2018,83
Montana,12/15/2018,79
Nebraska,12/15/2018,273
Nevada,12/15/2018,227
New Hampshire,12/15/2018,7
New Jersey,12/15/2018,1371
New Mexico,12/15/2018,489
New York,12/15/2018,1172
North Carolina,12/15/2018,1779
North Dakota,12/15/2018,47
Ohio,12/15/2018,199
Oklahoma,12/15/2018,249
Oregon,12/15/2018,533
Pennsylvania,12/15/2018,958
Rhode Island,12/15/2018,53
South Carolina,12/15/2018,508
South Dakota,12/15/2018,85
Tennessee,12/15/2018,135
Texas,12/15/2018,1148
Utah,12/15/2018,446
Vermont,12/15/2018,100
Virginia,12/15/2018,2233
Washington,12/15/2018,41
West Virginia,12/15/2018,213
Wisconsin,12/15/2018,343
Wyoming,12/15/2018,62
Alabama,12/22/2018,1585
Alaska,12/22/2018,143
Arizona,12/22/2018,547
Arkansas,12/22/2018,119
California,12/22/2018,1288
Colorado,12/22/2018,2571
Connecticut,12/22/2018,194
Delaware,12/22/2018,31
Georgia,12/22/2018,5436
Hawaii,12/22/2018,24
Idaho,12/22/2018,10
Illinois,12/22/2018,987
Indiana,12/22/2018,129
Iowa,12/22/2018,41
Kansas,12/22/2018,245
Kentucky,12/22/2018,405
Louisiana,12/22/2018,2084
Maine,12/22/2018,160
Maryland,12/22/2018,183
Massachusetts,12/22/2018,1089
Michigan,12/22/2018,388
Minnesota,12/22/2018,165
Mississippi,12/22/2018,687
Missouri,12/22/2018,61
Montana,12/22/2018,77
Nebraska,12/22/2018,485
Nevada,12/22/2018,256
New Hampshire,12/22/2018,22
New Jersey,12/22/2018,1617
New Mexico,12/22/2018,911
New York,12/22/2018,1427
North Carolina,12/22/2018,1928
North Dakota,12/22/2018,33
Ohio,12/22/2018,200
Oklahoma,12/22/2018,304
Oregon,12/22/2018,547
Pennsylvania,12/22/2018,1092
Rhode Island,12/22/2018,58
South Carolina,12/22/2018,619
South Dakota,12/22/2018,96
Tennessee,12/22/2018,139
Texas,12/22/2018,1255
Utah,12/22/2018,717
Vermont,12/22/2018,99
Virginia,12/22/2018,2543
Washington,12/22/2018,39
West Virginia,12/22/2018,231
Wisconsin,12/22/2018,371
Wyoming,12/22/2018,45
Alabama,12/29/2018,1977
Alaska,12/29/2018,128
Arizona,12/29/2018,567
Arkansas,12/29/2018,97
California,12/29/2018,935
Colorado,12/29/2018,2608
Connecticut,12/29/2018,187
Delaware,12/29/2018,10
Georgia,12/29/2018,5994
Hawaii,12/29/2018,15
Idaho,12/29/2018,14
Illinois,12/29/2018,1339
Indiana,12/29/2018,104
Iowa,12/29/2018,67
Kansas,12/29/2018,411
Kentucky,12/29/2018,457
Louisiana,12/29/2018,2678
Maine,12/29/2018,198
Maryland,12/29/2018,124
Massachusetts,12/29/2018,1361
Michigan,12/29/2018,342
Minnesota,12/29/2018,122
Mississippi,12/29/2018,791
Missouri,12/29/2018,72
Montana,12/29/2018,165
Nebraska,12/29/2018,722
Nevada,12/29/2018,300
New Hampshire,12/29/2018,20
New Jersey,12/29/2018,2072
New Mexico,12/29/2018,1314
New York,12/29/2018,1757
North Carolina,12/29/2018,2573
North Dakota,12/29/2018,50
Ohio,12/29/2018,236
Oklahoma,12/29/2018,374
Oregon,12/29/2018,581
Pennsylvania,12/29/2018,1442
Rhode Island,12/29/2018,80
South Carolina,12/29/2018,802
South Dakota,12/29/2018,122
Tennessee,12/29/2018,186
Texas,12/29/2018,1317
Utah,12/29/2018,864
Vermont,12/29/2018,158
Virginia,12/29/2018,2739
Washington,12/29/2018,45
West Virginia,12/29/2018,127
Wisconsin,12/29/2018,335
Wyoming,12/29/2018,73
Alabama,1/5/2019,1724
Alaska,1/5/2019,137
Arizona,1/5/2019,587
Arkansas,1/5/2019,87
California,1/5/2019,1021
Colorado,1/5/2019,2268
Connecticut,1/5/2019,261
Delaware,1/5/2019,13
Georgia,1/5/2019,4532
Hawaii,1/5/2019,32
Idaho,1/5/2019,12
Illinois,1/5/2019,1262
Indiana,1/5/2019,98
Iowa,1/5/2019,64
Kansas,1/5/2019,399
Kentucky,1/5/2019,515
Louisiana,1/5/2019,2409
Maine,1/5/2019,251
Maryland,1/5/2019,222
Massachusetts,1/5/2019,1461
Michigan,1/5/2019,425
Minnesota,1/5/2019,133
Mississippi,1/5/2019,661
Missouri,1/5/2019,56
Montana,1/5/2019,122
Nebraska,1/5/2019,658
Nevada,1/5/2019,233
New Hampshire,1/5/2019,15
New Jersey,1/5/2019,1953
New Mexico,1/5/2019,1109
New York,1/5/2019,1727
North Carolina,1/5/2019,2774
North Dakota,1/5/2019,26
Ohio,1/5/2019,188
Oklahoma,1/5/2019,346
Oregon,1/5/2019,749
Pennsylvania,1/5/2019,1474
Rhode Island,1/5/2019,87
South Carolina,1/5/2019,723
South Dakota,1/5/2019,162
Tennessee,1/5/2019,187
Texas,1/5/2019,1244
Utah,1/5/2019,908
Vermont,1/5/2019,165
Virginia,1/5/2019,3264
Washington,1/5/2019,57
West Virginia,1/5/2019,209
Wisconsin,1/5/2019,379
Wyoming,1/5/2019,66
Alabama,1/12/2019,1363
Alaska,1/12/2019,126
Arizona,1/12/2019,821
Arkansas,1/12/2019,98
California,1/12/2019,1415
Colorado,1/12/2019,2277
Connecticut,1/12/2019,304
Delaware,1/12/2019,19
Georgia,1/12/2019,3156
Hawaii,1/12/2019,55
Idaho,1/12/2019,24
Illinois,1/12/2019,1019
Indiana,1/12/2019,144
Iowa,1/12/2019,67
Kansas,1/12/2019,431
Kentucky,1/12/2019,499
Louisiana,1/12/2019,2019
Maine,1/12/2019,266
Maryland,1/12/2019,215
Massachusetts,1/12/2019,1463
Michigan,1/12/2019,455
Minnesota,1/12/2019,303
Mississippi,1/12/2019,604
Missouri,1/12/2019,52
Montana,1/12/2019,147
Nebraska,1/12/2019,593
Nevada,1/12/2019,268
New Hampshire,1/12/2019,81
New Jersey,1/12/2019,1738
New Mexico,1/12/2019,957
New York,1/12/2019,1514
North Carolina,1/12/2019,2410
North Dakota,1/12/2019,56
Ohio,1/12/2019,191
Oklahoma,1/12/2019,349
Oregon,1/12/2019,605
Pennsylvania,1/12/2019,1262
Rhode Island,1/12/2019,145
South Carolina,1/12/2019,503
South Dakota,1/12/2019,220
Tennessee,1/12/2019,149
Texas,1/12/2019,1331
Utah,1/12/2019,766
Vermont,1/12/2019,209
Virginia,1/12/2019,2863
Washington,1/12/2019,82
West Virginia,1/12/2019,316
Wisconsin,1/12/2019,396
Wyoming,1/12/2019,74
Alabama,1/19/2019,1711
Alaska,1/19/2019,191
Arizona,1/19/2019,752
Arkansas,1/19/2019,110
California,1/19/2019,1325
Colorado,1/19/2019,2064
Connecticut,1/19/2019,282
Delaware,1/19/2019,22
Georgia,1/19/2019,2880
Hawaii,1/19/2019,41
Idaho,1/19/2019,36
Illinois,1/19/2019,1057
Indiana,1/19/2019,211
Iowa,1/19/2019,108
Kansas,1/19/2019,519
Kentucky,1/19/2019,878
Louisiana,1/19/2019,2069
Maine,1/19/2019,282
Maryland,1/19/2019,229
Massachusetts,1/19/2019,1540
Michigan,1/19/2019,511
Minnesota,1/19/2019,230
Mississippi,1/19/2019,683
Missouri,1/19/2019,81
Montana,1/19/2019,153
Nebraska,1/19/2019,756
Nevada,1/19/2019,251
New Hampshire,1/19/2019,82
New Jersey,1/19/2019,1785
New Mexico,1/19/2019,949
New York,1/19/2019,1820
North Carolina,1/19/2019,2696
North Dakota,1/19/2019,103
Ohio,1/19/2019,225
Oklahoma,1/19/2019,420
Oregon,1/19/2019,604
Pennsylvania,1/19/2019,1318
Rhode Island,1/19/2019,178
South Carolina,1/19/2019,598
South Dakota,1/19/2019,293
Tennessee,1/19/2019,148
Texas,1/19/2019,1621
Utah,1/19/2019,495
Vermont,1/19/2019,244
Virginia,1/19/2019,2794
Washington,1/19/2019,94
West Virginia,1/19/2019,391
Wisconsin,1/19/2019,381
Wyoming,1/19/2019,94
Alabama,1/26/2019,2168
Alaska,1/26/2019,329
Arizona,1/26/2019,710
Arkansas,1/26/2019,186
California,1/26/2019,1267
Colorado,1/26/2019,1890
Connecticut,1/26/2019,310
Delaware,1/26/2019,21
Georgia,1/26/2019,3147
Hawaii,1/26/2019,70
Idaho,1/26/2019,42
Illinois,1/26/2019,1046
Indiana,1/26/2019,171
Iowa,1/26/2019,95
Kansas,1/26/2019,477
Kentucky,1/26/2019,1250
Louisiana,1/26/2019,2539
Maine,1/26/2019,326
Maryland,1/26/2019,303
Massachusetts,1/26/2019,1505
Michigan,1/26/2019,340
Minnesota,1/26/2019,257
Mississippi,1/26/2019,896
Missouri,1/26/2019,93
Montana,1/26/2019,178
Nebraska,1/26/2019,677
Nevada,1/26/2019,227
New Hampshire,1/26/2019,73
New Jersey,1/26/2019,1871
New Mexico,1/26/2019,994
New York,1/26/2019,2085
North Carolina,1/26/2019,3708
North Dakota,1/26/2019,86
Ohio,1/26/2019,226
Oklahoma,1/26/2019,498
Oregon,1/26/2019,687
Pennsylvania,1/26/2019,1546
Rhode Island,1/26/2019,239
South Carolina,1/26/2019,334
South Dakota,1/26/2019,398
Tennessee,1/26/2019,245
Texas,1/26/2019,2092
Utah,1/26/2019,809
Vermont,1/26/2019,272
Virginia,1/26/2019,3594
Washington,1/26/2019,102
West Virginia,1/26/2019,464
Wisconsin,1/26/2019,381
Wyoming,1/26/2019,125
Alabama,2/2/2019,3376
Alaska,2/2/2019,389
Arizona,2/2/2019,802
Arkansas,2/2/2019,322
California,2/2/2019,1657
Colorado,2/2/2019,2067
Connecticut,2/2/2019,319
Delaware,2/2/2019,43
Georgia,2/2/2019,3788
Hawaii,2/2/2019,72
Idaho,2/2/2019,52
Illinois,2/2/2019,1089
Indiana,2/2/2019,165
Iowa,2/2/2019,106
Kansas,2/2/2019,551
Kentucky,2/2/2019,1237
Louisiana,2/2/2019,4043
Maine,2/2/2019,348
Maryland,2/2/2019,202
Massachusetts,2/2/2019,1568
Michigan,2/2/2019,368
Minnesota,2/2/2019,203
Mississippi,2/2/2019,1317
Missouri,2/2/2019,156
Montana,2/2/2019,244
Nebraska,2/2/2019,600
Nevada,2/2/2019,227
New Hampshire,2/2/2019,62
New Jersey,2/2/2019,1869
New Mexico,2/2/2019,858
New York,2/2/2019,2158
North Carolina,2/2/2019,5024
North Dakota,2/2/2019,120
Ohio,2/2/2019,250
Oklahoma,2/2/2019,827
Oregon,2/2/2019,836
Pennsylvania,2/2/2019,1313
Rhode Island,2/2/2019,287
South Carolina,2/2/2019,465
South Dakota,2/2/2019,414
Tennessee,2/2/2019,345
Texas,2/2/2019,2684
Utah,2/2/2019,1238
Vermont,2/2/2019,284
Virginia,2/2/2019,4608
Washington,2/2/2019,132
West Virginia,2/2/2019,555
Wisconsin,2/2/2019,334
Wyoming,2/2/2019,150
Alabama,2/9/2019,3780
Alaska,2/9/2019,524
Arizona,2/9/2019,729
Arkansas,2/9/2019,427
California,2/9/2019,1617
Colorado,2/9/2019,2251
Connecticut,2/9/2019,308
Delaware,2/9/2019,64
Georgia,2/9/2019,5526
Hawaii,2/9/2019,73
Idaho,2/9/2019,91
Illinois,2/9/2019,1198
Indiana,2/9/2019,204
Iowa,2/9/2019,100
Kansas,2/9/2019,587
Kentucky,2/9/2019,1196
Louisiana,2/9/2019,6066
Maine,2/9/2019,387
Maryland,2/9/2019,335
Massachusetts,2/9/2019,1836
Michigan,2/9/2019,433
Minnesota,2/9/2019,201
Mississippi,2/9/2019,1864
Missouri,2/9/2019,168
Montana,2/9/2019,284
Nebraska,2/9/2019,595
Nevada,2/9/2019,198
New Hampshire,2/9/2019,64
New Jersey,2/9/2019,2027
New Mexico,2/9/2019,1002
New York,2/9/2019,2676
North Carolina,2/9/2019,7738
North Dakota,2/9/2019,107
Ohio,2/9/2019,321
Oklahoma,2/9/2019,922
Oregon,2/9/2019,895
Pennsylvania,2/9/2019,1763
Rhode Island,2/9/2019,429
South Carolina,2/9/2019,1764
South Dakota,2/9/2019,396
Tennessee,2/9/2019,565
Texas,2/9/2019,3363
Utah,2/9/2019,1339
Vermont,2/9/2019,222
Virginia,2/9/2019,6225
Washington,2/9/2019,103
West Virginia,2/9/2019,618
Wisconsin,2/9/2019,291
Wyoming,2/9/2019,223
Alabama,2/16/2019,3679
Alaska,2/16/2019,548
Arizona,2/16/2019,719
Arkansas,2/16/2019,471
California,2/16/2019,1726
Colorado,2/16/2019,2482
Connecticut,2/16/2019,289
Delaware,2/16/2019,59
Georgia,2/16/2019,4839
Hawaii,2/16/2019,81
Idaho,2/16/2019,52
Illinois,2/16/2019,1326
Indiana,2/16/2019,214
Iowa,2/16/2019,147
Kansas,2/16/2019,793
Kentucky,2/16/2019,1104
Louisiana,2/16/2019,6737
Maine,2/16/2019,425
Maryland,2/16/2019,301
Massachusetts,2/16/2019,1409
Michigan,2/16/2019,490
Minnesota,2/16/2019,229
Mississippi,2/16/2019,2003
Missouri,2/16/2019,188
Montana,2/16/2019,349
Nebraska,2/16/2019,491
Nevada,2/16/2019,105
New Hampshire,2/16/2019,75
New Jersey,2/16/2019,1845
New Mexico,2/16/2019,1358
New York,2/16/2019,3024
North Carolina,2/16/2019,7235
North Dakota,2/16/2019,123
Ohio,2/16/2019,352
Oklahoma,2/16/2019,871
Oregon,2/16/2019,1063
Pennsylvania,2/16/2019,1842
Rhode Island,2/16/2019,348
South Carolina,2/16/2019,1539
South Dakota,2/16/2019,455
Tennessee,2/16/2019,427
Texas,2/16/2019,3277
Utah,2/16/2019,1355
Vermont,2/16/2019,267
Virginia,2/16/2019,6476
Washington,2/16/2019,165
West Virginia,2/16/2019,744
Wisconsin,2/16/2019,316
Wyoming,2/16/2019,243
Alabama,2/23/2019,2907
Alaska,2/23/2019,419
Arizona,2/23/2019,707
Arkansas,2/23/2019,471
California,2/23/2019,1562
Colorado,2/23/2019,2599
Connecticut,2/23/2019,273
Delaware,2/23/2019,44
Georgia,2/23/2019,4296
Hawaii,2/23/2019,78
Idaho,2/23/2019,60
Illinois,2/23/2019,1601
Indiana,2/23/2019,252
Iowa,2/23/2019,153
Kansas,2/23/2019,896
Kentucky,2/23/2019,832
Louisiana,2/23/2019,6300
Maine,2/23/2019,496
Maryland,2/23/2019,231
Massachusetts,2/23/2019,1450
Michigan,2/23/2019,475
Minnesota,2/23/2019,228
Mississippi,2/23/2019,1465
Missouri,2/23/2019,262
Montana,2/23/2019,353
Nebraska,2/23/2019,424
Nevada,2/23/2019,382
New Hampshire,2/23/2019,65
New Jersey,2/23/2019,1803
New Mexico,2/23/2019,1416
New York,2/23/2019,2335
North Carolina,2/23/2019,6481
North Dakota,2/23/2019,210
Ohio,2/23/2019,417
Oklahoma,2/23/2019,882
Oregon,2/23/2019,1218
Pennsylvania,2/23/2019,1701
Rhode Island,2/23/2019,271
South Carolina,2/23/2019,1375
South Dakota,2/23/2019,478
Tennessee,2/23/2019,303
Texas,2/23/2019,2912
Utah,2/23/2019,1378
Vermont,2/23/2019,257
Virginia,2/23/2019,7141
Washington,2/23/2019,130
West Virginia,2/23/2019,924
Wisconsin,2/23/2019,462
Wyoming,2/23/2019,252
Alabama,2/28/2019,2168
Alaska,2/28/2019,335
Arizona,2/28/2019,789
Arkansas,2/28/2019,408
California,2/28/2019,1856
Colorado,2/28/2019,2811
Connecticut,2/28/2019,290
Delaware,2/28/2019,29
Georgia,2/28/2019,3334
Hawaii,2/28/2019,80
Idaho,2/28/2019,45
Illinois,2/28/2019,1557
Indiana,2/28/2019,263
Iowa,2/28/2019,219
Kansas,2/28/2019,839
Kentucky,2/28/2019,543
Louisiana,2/28/2019,4876
Maine,2/28/2019,460
Maryland,2/28/2019,302
Massachusetts,2/28/2019,1239
Michigan,2/28/2019,590
Minnesota,2/28/2019,227
Mississippi,2/28/2019,1167
Missouri,2/28/2019,236
Montana,2/28/2019,319
Nebraska,2/28/2019,318
Nevada,2/28/2019,337
New Hampshire,2/28/2019,53
New Jersey,2/28/2019,1548
New Mexico,2/28/2019,1385
New York,2/28/2019,1979
North Carolina,2/28/2019,5017
North Dakota,2/28/2019,181
Ohio,2/28/2019,492
Oklahoma,2/28/2019,733
Oregon,2/28/2019,1365
Pennsylvania,2/28/2019,1755
Rhode Island,2/28/2019,230
South Carolina,2/28/2019,1217
South Dakota,2/28/2019,361
Tennessee,2/28/2019,244
Texas,2/28/2019,3055
Utah,2/28/2019,1323
Vermont,2/28/2019,194
Virginia,2/28/2019,6236
Washington,2/28/2019,138
West Virginia,2/28/2019,1009
Wisconsin,2/28/2019,544
Wyoming,2/28/2019,235
